2008	1	1	Mississippi Mudbugs	Patrick Kane	Winger
2008	1	2	Mississippi Mudbugs	Jonathon Toews	Center
2008	1	3	Cleveland Barons	Niklas Backstrom	Center
2008	1	4	San Antonio Outlaws	Peter Mueller	Center
2008	1	5	Oakland Oceanus	Carey Price	Goaltender
2008	1	6	Jacksonville Jokers	Tobias Enstrom	Defense
2008	1	7	San Antonio Outlaws	Brandon Dubinsky	Center
2008	1	8	Seattle Surge	Sam Gagner	Winger
2008	1	9	Mississippi Mudbugs	Erik Johnson	Defense
2008	1	10	San Antonio Outlaws	Matt Niskanen	Defense
2008	1	11	Halifax Conquerers	Andrew Cogliano	Center
2008	1	12	Cleveland Barons	Sergei Kostitsyn	Winger
2008	1	13	Victoria Vipers	Dan Ellis	Goaltender
2008	1	14	Cleveland Barons	Devin Setoguchi	Winger
2008	1	15	Cleveland Barons	Marc Staal	Defense
2008	1	16	Charlotte Storm	Jack Johnson	Defense
2008	1	17	Halifax Conquerers	Martin Hanzal	Center
2008	1	18	Cleveland Barons	Mason Raymond	Winger
2008	2	19	San Antonio Outlaws	David Perron	Winger
2008	2	20	Red Deer Rustlers	Kyle Okposo	Winger
2008	2	21	San Antonio Outlaws	Kris Letang	Defense
2008	2	22	Brandon Bandits	Robert Nilsson	Goaltender
2008	2	23	Hamilton Predators	Denis Grebeshkov	Winger
2008	2	24	Jacksonville Jokers	Nigel Dawes	Winger
2008	2	25	Red Deer Rustlers	Bryan Little	Center
2008	2	26	Quebec City Thundercats	Todd Bertuzzi	Winger
2008	2	27	Oakland Oceanus	Milan Lucic	Winger
2008	2	28	Charlotte Storm	Bobby Ryan	Winger
2008	2	29	Halifax Conquerers	Curtis Glencross	Winger
2008	2	30	Green Bay Glory	Jonas Hiller	Goaltender
2008	2	31	Washington Whiskeyjacks	Cory Murphy	Defense
2008	2	32	Hamilton Predators	David Krejci	Center
2008	2	33	Seattle Surge	Anton Stralman	Defense
2008	2	34	San Diego Crush	Kris Russell	Defense
2008	2	35	Quebec City Thundercats	Aaron Voros	Winger
2008	2	36	Oakland Oceanus	James Sheppard	Center
2008	3	37	Memphis Hound Dogs	Tyler Kennedy	Winger
2008	3	38	Memphis Hound Dogs	Keith Yandle	Defense
2008	3	39	San Diego Crush	Paul Mara	Defense
2008	3	40	Brandon Bandits	Sean Bergenheim	Winger
2008	3	41	Victoria Vipers	Corey Sarich	Defense
2008	3	42	Jacksonville Jokers	Kamil Kreps	Winger
2008	3	43	Washington Whiskeyjacks	Maxim Lapierre	Center
2008	3	44	Quebec City Thundercats	Jiri Tlusty	Winger
2008	3	45	Milwaukee Ice Dragons	David Clarkson	Winger
2008	3	46	Charlotte Storm	Tuukka Rask	Goaltender
2008	3	47	Halifax Conquerers	Dave Bolland	Winger
2008	3	48	San Diego Crush	Derrick Brassard	Center
2008	3	49	Victoria Vipers	Ville Koistinen	Winger
2008	3	50	Mississippi Mudbugs	Kyle Chipchura	Winger
2008	3	51	Green Bay Glory	Andrej Sekera	Defense
2008	3	52	Cleveland Barons	Daniel Winnik	Winger
2008	3	53	Cleveland Barons	Steve Downie	Winger
2008	3	54	Oakland Oceanus	Jack Skille	Winger
2008	4	55	Memphis Hound Dogs	Torey Mitchell	Winger
2008	4	56	Mississippi Mudbugs	Nick Foligno	Winger
2008	4	57	San Diego Crush	Nicklas Grossmann	Defense
2008	4	58	Brandon Bandits	T.J. Hensick	Winger
2008	4	59	Victoria Vipers	Blake Comeau	Winger
2008	4	60	Jacksonville Jokers	Mike Lundin	Defense
2008	4	61	Red Deer Rustlers	Mikhail Grabovski	Winger
2008	4	62	Quebec City Thundercats	Jason Labarbera	Goaltender
2008	4	63	Milwaukee Ice Dragons	Joel Lundqvist	Winger
2008	4	64	Charlotte Storm	Marek Malik	Defense
2008	4	65	Washington Whiskeyjacks	Aaron Downey	Winger
2008	4	66	Green Bay Glory	Benoit Pouliot	Winger
2008	4	67	Seattle Surge	Curtis McElhinney	Goaltender
2008	4	68	San Antonio Outlaws	Kris Versteeg	Winger
2008	4	69	Cleveland Barons	Jarred Boll	Winger
2008	4	70	San Antonio Outlaws	Mattias Norstrom	Defense
2008	4	71	Halifax Conquerers	Jonathan Bernier	Goaltender
2008	4	72	Oakland Oceanus	Jay McKee	Defense
2008	5	73	Memphis Hound Dogs	Ryan O'Byrne	Winger
2008	5	74	Mississippi Mudbugs	Brian Boyle	Center
2008	5	75	San Diego Crush	Bryan Berard	Winger
2008	5	76	Brandon Bandits	Frans Nielsen	Center
2008	5	77	Hamilton Predators	Erik Ersberg	Winger
2008	5	78	Jacksonville Jokers	Karri Ramo	Goaltender
2008	5	79	Red Deer Rustlers	Jonathan Ericsson	Defense
2008	5	80	Quebec City Thundercats	Mark Fistric	Defense
2008	5	81	Milwaukee Ice Dragons	Ondrej Pavelec	Goaltender
2008	5	82	Charlotte Storm	Ryan Carter	Winger
2008	5	83	Halifax Conquerers	Eric Nystrom	Winger
2008	5	84	Green Bay Glory	Brett Sterling	Winger
2008	5	85	Washington Whiskeyjacks	Craig Adams	Center
2008	5	86	San Antonio Outlaws	David Jones	Winger
2008	5	87	Cleveland Barons	Petteri Nokelainen	Winger
2008	5	88	Washington Whiskeyjacks	Petri Kontiola	Center
2008	5	89	Seattle Surge	Fernando Pisani	Winger
2008	5	90	Oakland Oceanus	Joakim Lindstrom	Winger
2009	1	1	Oklahoma City Oil Barons	Steve Mason	Goaltender
2009	1	2	Toledo Honey Badgers	Steven Stamkos	Center
2009	1	3	Milwaukee Ice Dragons	Drew Doughty	Defense
2009	1	4	Oklahoma City Oil Barons	Patrick Berglund	Center
2009	1	5	Louisiana Voodoo	Michael Frolik	Winger
2009	1	6	Toledo Honey Badgers	Zach Bogosian	Defense
2009	1	7	South Carolina Stingrays	Anton Babchuk	Defense
2009	1	8	Milwaukee Ice Dragons	Claude Giroux	Center
2009	1	9	Mississippi Mudbugs	Pekka Rinne	Goaltender
2009	1	10	Oklahoma City Oil Barons	Blake Wheeler	Winger
2009	1	11	Mississippi Mudbugs	T.J. Oshie	Winger
2009	1	12	Oakland Assassins	Jakub Voracek	Winger
2009	1	13	Cape Breton Royals	James Neal	Winger
2009	1	14	Halifax Conquerers	Luke Schenn	Defense
2009	1	15	Indianapolis Mountain Goats	Kyle Quincey	Defense
2009	1	16	Louisiana Voodoo	M. Boedker	Winger
2009	1	17	Green Bay Glory	Josh Bailey	Winger
2009	1	18	Indianapolis Mountain Goats	Jonathan Quick	Goaltender
2009	2	19	Oakland Assassins	Fabian Brunnstrom	Winger
2009	2	20	Toledo Honey Badgers	Kyle Turris	Center
2009	2	21	San Francisco Fighting Cocks	Ville Leino	Winger
2009	2	22	South Carolina Stingrays	Joel Ward	Winger
2009	2	23	Brandon Bandits	Karl Alzner	Defense
2009	2	24	Toledo Honey Badgers	Alex Goligoski	Defense
2009	2	25	Oklahoma City Oil Barons	Viktor Tikhonov	Winger
2009	2	26	Indianapolis Mountain Goats	Andrew Ebbett	Winger
2009	2	27	Seattle Surge	Steve Sullivan	Winger
2009	2	28	San Francisco Fighting Cocks	Luca Sbisa	Defense
2009	2	29	Las Vegas Desperado	Scott Clemmensen	Goaltender
2009	2	30	Green Bay Glory	Mark Giordano	Defense
2009	2	31	San Francisco Fighting Cocks	Oscar Moller	Winger
2009	2	32	Cape Breton Royals	Nikolai Kulemin	Center
2009	2	33	Las Vegas Desperado	Semyon Varlamov	Goaltender
2009	2	34	Oklahoma City Oil Barons	Colin Fraser	Center
2009	2	35	Toledo Honey Badgers	Brian Elliott	Goaltender
2009	2	36	Toledo Honey Badgers	Chris Stewart	Winger
2009	3	37	Indianapolis Mountain Goats	Wayne Simmonds	Winger
2009	3	38	Cape Breton Royals	Ryan Jones	Winger
2009	3	39	Milwaukee Ice Dragons	Ryan Shannon	Defense
2009	3	40	Memphis Hound Dogs	Darren Helm	Winger
2009	3	41	Halifax Conquerers	Matt D' Agostini	Winger
2009	3	42	Las Vegas Desperado	Brendan Bell	Defense
2009	3	43	Las Vegas Desperado	T.J. Galiardi	Winger
2009	3	44	Indianapolis Mountain Goats	Cal Clutterbuck	Winger
2009	3	45	Seattle Surge	Brian Boucher	Goaltender
2009	3	46	Louisiana Voodoo	Troy Brouwer	Winger
2009	3	47	Charlotte Storm	Chris Butler	Defense
2009	3	48	Green Bay Glory	Roman Polak	Defense
2009	3	49	Louisiana Voodoo	Georges Laraque	Winger
2009	3	50	Milwaukee Ice Dragons	Max Pacioretty	Winger
2009	3	51	South Carolina Stingrays	John Mitchell	Center
2009	3	52	San Francisco Fighting Cocks	Al Montoya	Goaltender
2009	3	53	Toledo Honey Badgers	Nigel Dawes	Winger
2009	3	54	Toledo Honey Badgers	Brian Lee	Defense
2009	4	55	Victoria Vipers	Rob Scuderi	Defense
2009	4	56	Louisiana Voodoo	Patrick Eaves	Winger
2009	4	57	San Francisco Fighting Cocks	Yan Danis	Goaltender
2009	4	58	South Carolina Stingrays	Dustin Penner	Winger
2009	4	59	Brandon Bandits	Liam Reddox	Winger
2009	4	60	Charlotte Storm	Niklas Hjalmarsson	Defense
2009	4	61	Oklahoma City Oil Barons	Shawn Matthias	Center
2009	4	62	San Francisco Fighting Cocks	Andreas Lilja	Defense
2009	4	63	Indianapolis Mountain Goats	Adam Pardy	Defense
2009	4	64	Louisiana Voodoo	Ville Peltonen	Winger
2009	4	65	Victoria Vipers	Richard Zednik	Center
2009	4	66	Green Bay Glory	Rick Rypien	Winger
2009	4	67	Victoria Vipers	Benoit Pouliot	Winger
2009	4	68	South Carolina Stingrays	Jason Strudwick	Defense
2009	4	69	Charlotte Storm	Michael Leighton	Goaltender
2009	4	70	Halifax Conquerers	Blake Comeau	Winger
2009	4	71	Indianapolis Mountain Goats	Brandon Sutter	Center
2009	4	72	Toledo Honey Badgers	Ville Koistinen	Defense
2009	5	73	San Francisco Fighting Cocks	Nicolas Deslauriers	Winger
2009	5	74	San Francisco Fighting Cocks	Nathan Oystrick	Defense
2009	5	75	Oakland Assassins	Nathan Gerbe	Winger
2009	5	76	Brandon Bandits	Jesse Winchester	Winger
2009	5	77	Brandon Bandits	Jay McClement	Center
2009	5	78	Oakland Assassins	David Steckel	Center
2009	5	79	Oklahoma City Oil Barons	Petr Vrana	Winger
2009	5	80	Indianapolis Mountain Goats	Joey McDonald	Goaltender
2009	5	81	Seattle Surge	Petr Prucha	Winger
2009	5	82	Indianapolis Mountain Goats	Radim Vrbata	Winger
2009	5	83	San Francisco Fighting Cocks	Jiri Tlusty	Winger
2009	5	84	Green Bay Glory	Morgan Ellis	Defense
2009	5	85	San Francisco Fighting Cocks	Frans Nielsen	Center
2009	5	86	South Carolina Stingrays	T. Peterson	Winger
2009	5	87	Toledo Honey Badgers	Steve Downie	Winger
2009	5	88	Halifax Conquerers	Curtis Sanford	Goaltender
2009	5	89	South Carolina Stingrays	Joe Sakic	Center
2009	5	90	San Francisco Fighting Cocks	Gilbert Brule	Winger
2010	1	1	Toledo Honey Badgers	Tyler Myers	Defense
2010	1	2	Louisiana Voodoo	John Tavares	Center
2010	1	3	Wichita Wolfpack	Tuukka Rask	Goaltender
2010	1	4	Oklahoma City Oil Barons	Michael Del Zotto	Defense
2010	1	5	Oakland Assassins	Matt Duchene	Center
2010	1	6	South Carolina Stingrays	Jamie Benn	Winger
2010	1	7	Oakland Assassins	Victor Hedman	Defense
2010	1	8	Halifax Conquerers	James Van Riemsdyk	Winger
2010	1	9	South Carolina Stingrays	Evander Kane	Winger
2010	1	10	Oakland Assassins	Erik Karlsson	Defense
2010	1	11	Victoria Vipers	John Carlson	Defense
2010	1	12	Louisville Lionhearts	Cdoy Franson	Defense
2010	1	13	Oklahoma City Oil Barons	Tyler Bozak	Center
2010	1	14	Charlotte Storm	Colin Wilson	Winger
2010	1	15	Toledo Honey Badgers	Jimmy Howard	Goaltender
2010	1	16	Oakland Assassins	Nikita Filatov	Winger
2010	1	17	Mississauga Indians	Tyler Ennis	Winger
2010	1	18	Milwaukee Ice Dragons	Jamie McBain	Defense
2010	1	19	Mississauga Indians	Nicklas Bergfors	Winger
2010	1	20	Halifax Conquerers	Ryan O'Reilly	Center
2010	2	21	San Francisco Fighting Cocks	Alex Pietrangelo	Defense
2010	2	22	Toledo Honey Badgers	Dmitri Kulikov	Defense
2010	2	23	Seattle Surge	Zach Boychuk	Winger
2010	2	24	South Carolina Stingrays	Mikael Backlund	Center
2010	2	25	Louisville Lionhearts	Michael Grabner	Winger
2010	2	26	Victoria Vipers	Artem Anisimov	Center
2010	2	27	Brandon Bandits	Matt Gilroy	Defense
2010	2	28	Brandon Bandits	Carl Gunnarsson	Defense
2010	2	29	Louisiana Voodoo	Ryan Wilson	Defense
2010	2	30	San Francisco Fighting Cocks	Robbie Schremp	Winger
2010	2	31	Louisiana Voodoo	Brandon Yip	Winger
2010	2	32	Toledo Honey Badgers	Jason Demers	Defense
2010	2	33	Louisiana Voodoo	Johnny Boychuk	Defense
2010	2	34	Las Vegas Desperado	Scott Parse	Winger
2010	2	35	Indianapolis Mountain Goats	Antti Niemi	Goaltender
2010	2	36	Indianapolis Mountain Goats	Viktor Stalberg	Winger
2010	2	37	San Francisco Fighting Cocks	Logan Couture	Center
2010	2	38	Victoria Vipers	Kyle Cumiskey	Defense
2010	2	39	Mississauga Indians	Tomas Greiss	Goaltender
2010	2	40	Mississauga Indians	Dan Sexton	Winger
2010	3	41	Louisville Lionhearts	Matt Beleskey	Winger
2010	3	42	South Carolina Stingrays	Justin Abdelkader	Winger
2010	3	43	San Francisco Fighting Cocks	Luca Sbisa	Defense
2010	3	44	Oklahoma City Oil Barons	Tim Kennedy	Defense
2010	3	45	Oklahoma City Oil Barons	Brett Carson	Winger
2010	3	46	Victoria Vipers	Sami Lepisto	Defense
2010	3	47	Victoria Vipers	Luca Caputi	Winger
2010	3	48	Victoria Vipers	Jonas Gustavsson	Goaltender
2010	3	49	Mississippi Mudbugs	Michal Repik	Winger
2010	3	50	Mississippi Mudbugs	Christian Hanson	Winger
2010	3	51	Oakland Assassins	Drayson Bowman	Winger
2010	3	52	Victoria Vipers	Steve Bernier	Winger
2010	3	53	Oklahoma City Oil Barons	Keaton Ellerby	Defense
2010	3	54	Las Vegas Desperado	Bryan Rodney	Defense
2010	3	55	Indianapolis Mountain Goats	Matt Perreault	Center
2010	3	56	South Carolina Stingrays	Bryan Bickell	Winger
2010	3	57	San Francisco Fighting Cocks	Dan Paille	Winger
2010	3	58	Mississippi Mudbugs	Brad Marchand	Winger
2010	3	59	Mississippi Mudbugs	Casey Wellman	Winger
2010	3	60	Mississippi Mudbugs	Ryan Stoa	Winger
2010	4	61	Memphis Hound Dogs	Ryan Potulny	Winger
2010	4	62	Oakland Assassins	Nathan Gerbe	Winger
2010	4	63	San Francisco Fighting Cocks	Devan Dubnyk	Goaltender
2010	4	64	Oklahoma City Oil Barons	Justin Peters	Goaltender
2010	4	65	San Francisco Fighting Cocks	Brett Lebda	Defense
2010	4	66	San Francisco Fighting Cocks	Mark Stuart	Defense
2010	4	67	Brandon Bandits	Mike Santorelli	Winger
2010	4	68	San Francisco Fighting Cocks	Ryan Parent	Goaltender
2010	4	69	San Francisco Fighting Cocks	Alexander Sulzer	Defense
2010	4	70	San Francisco Fighting Cocks	Boris Valabik	Defense
2010	4	71	Indianapolis Mountain Goats	Matt Carkner	Defense
2010	4	72	Oakland Assassins	Nate Thompson	Center
2010	4	73	Seattle Surge	Ray Emery	Goaltender
2010	4	74	San Francisco Fighting Cocks	Petr Prucha	Winger
2010	4	75	San Francisco Fighting Cocks	Nick Bonino	Center
2010	4	76	Milwaukee Ice Dragons	Torrey Mitchell	Center
2010	4	77	Charlotte Storm	Kenndal McArdle	Winger
2010	4	78	Oakland Assassins	Craig Adams	Center
2010	4	79	Mississauga Indians	Bryan Allen	Defense
2010	4	80	Louisville Lionhearts	Matt Halischuk	Winger
2010	5	81	Toledo Honey Badgers	Boyd Gordon	Center
2010	5	82	Milwaukee Ice Dragons	Ryan Stone	Winger
2010	5	83	Indianapolis Mountain Goats	Jason Garrison	Defense
2010	5	84	Oklahoma City Oil Barons	Andrew McDonald	Defense
2010	5	85	Seattle Surge	Danny Syvret	Defense
2010	5	86	Las Vegas Desperado	Tom Pyatt	Winger
2010	5	87	Brandon Bandits	Brandon Segal	Winger
2010	5	88	Wichita Wolfpack	Grant Clitsome	Defense
2010	5	89	Charlotte Storm	Ben Lovejoy	Defense
2010	5	90	Milwaukee Ice Dragons	Aaron Asham	Winger
2010	5	91	Seattle Surge	Ales Kotalik	Winger
2010	5	92	San Francisco Fighting Cocks	Oskars Bartulis	Defense
2010	5	93	Oklahoma City Oil Barons	Mark Fraser	Defense
2010	5	94	Green Bay Glory	Ryan White	Center
2010	5	95	San Francisco Fighting Cocks	Alexandre Giroux	Center
2010	5	96	San Francisco Fighting Cocks	Vladimir Zharkov	Winger
2010	5	97	San Francisco Fighting Cocks	Ryan Jones	Winger
2010	5	98	Oakland Assassins	Lauri Korpikoski	Winger
2010	5	99	Mississauga Indians	Sean Avery	Winger
2010	5	100	Las Vegas Desperado	Patrick Kaleta	Winger
2011	1	1	South Carolina Stingrays	Jordan Eberle	Winger
2011	1	2	South Carolina Stingrays	Jeff Skinner	Winger
2011	1	3	South Carolina Stingrays	Taylor Hall	Winger
2011	1	4	Louisiana Voodoo	Cam Fowler	Defense
2011	1	5	South Carolina Stingrays	P.K. Subban	Defense
2011	1	6	South Carolina Stingrays	Tyler Seguin	Center
2011	1	7	Indianapolis Mountain Goats	Keven Shattenkirk	Winger
2011	1	8	Louisiana Voodoo	Magnus Paajarvi	Center
2011	1	9	Mississauga Indians	Oliver Ekman-Larsson	Defense
2011	1	10	Charlotte Storm	Alexander Burmistrov	Center
2011	1	11	Green Bay Glory	Marcus Johansson	Winger
2011	1	12	South Carolina Stingrays	Corey Crawford	Goaltender
2011	1	13	Milwaukee Ice Dragons	Travis Hamonic	Defense
2011	1	14	Halifax Conquerers	Derek Stepan	Center
2011	1	15	Louisville Lionhearts	Nazem Kadri	Center
2011	1	16	Oakland Assassins	Mattias Tedenby	Winger
2011	1	17	Toledo Honey Badgers	P.M. Bouchard	Center
2011	1	18	Oakland Assassins	Cory Schneider	Goaltender
2011	1	19	Halifax Conquerers	James Reimer	Goaltender
2011	1	20	Louisville Lionhearts	Luke Adam	Center
2011	2	21	Seattle Surge	Kyle Turris	Center
2011	2	22	Seattle Surge	Jonathan Blum	Defense
2011	2	23	Oakland Assassins	Bobby Butler	Winger
2011	2	24	Oklahoma City Oil Barons	Jacob Josefsen	Center
2011	2	25	Halifax Conquerers	Anthony Stewart	Winger
2011	2	26	Oakland Assassins	Nick Leddy	Defense
2011	2	27	Milwaukee Ice Dragons	Linus Omark	Winger
2011	2	28	Halifax Conquerers	Mike Weber	Defense
2011	2	29	San Francisco Fighting Cocks	Mats Zuccarello	Winger
2011	2	30	San Francisco Fighting Cocks	Brandon McMillan	Winger
2011	2	31	Las Vegas Desperado	Kyle Clifford	Winger
2011	2	32	San Francisco Fighting Cocks	Braden Holtby	Goaltender
2011	2	33	Brandon Bandits	Matt Calvert	Winger
2011	2	34	San Francisco Fighting Cocks	Zac Dalpe	Center
2011	2	35	Milwaukee Ice Dragons	Tomas Tatar	Winger
2011	2	36	Halifax Conquerers	Lars Eller	Center
2011	2	37	Louisiana Voodoo	Nick Palmieri	Winger
2011	2	38	Seattle Surge	Blake Geoffrion	Winger
2011	2	39	Mississauga Indians	Evgeni Dadonov	Winger
2011	2	40	Brandon Bandits	Andrei Loktionov	Center
2011	3	41	Mississauga Indians	Dustin Jeffrey	Winger
2011	3	42	Oklahoma City Oil Barons	Brett MacLean	Winger
2011	3	43	Indianapolis Mountain Goats	Jonathon Bernier	Goaltender
2011	3	44	Toledo Honey Badgers	Kyle Palmieri	Winger
2011	3	45	Toledo Honey Badgers	Sergei Bobrovsky	Goaltender
2011	3	46	Green Bay Glory	David Desharnais	Center
2011	3	47	Louisiana Voodoo	Cam Barker	Defense
2011	3	48	Seattle Surge	Alec Martinez	Defense
2011	3	49	Las Vegas Desperado	Erik Condra	Center
2011	3	50	Oklahoma City Oil Barons	Eric Tangradi	Winger
2011	3	51	San Francisco Fighting Cocks	Mike Sauer	Defense
2011	3	52	Toledo Honey Badgers	Kevin Poulin	Goaltender
2011	3	53	Louisville Lionhearts	Patrice Cormier	Center
2011	3	54	Indianapolis Mountain Goats	Ryan McDonagh	Defense
2011	3	55	Halifax Conquerers	Jack Skille	Winger
2011	3	56	Wichita Wolfpack	Keith Aulie	Defense
2011	3	57	Halifax Conquerers	Clayton Stoner	Defense
2011	3	58	Toledo Honey Badgers	Jason Garrison	Defense
2011	3	59	Mississauga Indians	M.A. Bergeron	Defense
2011	3	60	San Francisco Fighting Cocks	Jeff Petry	Defense
2011	4	61	South Carolina Stingrays	Teemu Hartikainen	Winger
2011	4	62	San Francisco Fighting Cocks	Ben Eager	Winger
2011	4	63	South Carolina Stingrays	Jakub Kindl	Defense
2011	4	64	Oklahoma City Oil Barons	Jacques Caron	Goaltender
2011	4	65	Milwaukee Ice Dragons	Marco Scandella	Defense
2011	4	66	Charlotte Storm	Dana Tyrell	Center
2011	4	67	Seattle Surge	Anders Lindback	Goaltender
2011	4	68	San Francisco Fighting Cocks	Nikita Nikitin	Defense
2011	4	69	Charlotte Storm	Phil McRae	Center
2011	4	70	San Francisco Fighting Cocks	Radek Martinek	Defense
2011	4	71	San Francisco Fighting Cocks	Jared Spurgeon	Defense
2011	4	72	Brandon Bandits	Yannick Weber	Defense
2011	4	73	Wichita Wolfpack	Trevor Lewis	Winger
2011	4	74	Charlotte Storm	Ian Cole	Defense
2011	4	75	Mississauga Indians	Al Montoya	Goaltender
2011	4	76	South Carolina Stingrays	Kyle Wellwood	Winger
2011	4	77	Halifax Conquerers	Zenon Konopka	Center
2011	4	78	Toledo Honey Badgers	David Clarkson	Winger
2011	4	79	Indianapolis Mountain Goats	Matt Taormina	Defense
2011	4	80	Brandon Bandits	Ty Wishart	Defense
2011	5	81	San Francisco Fighting Cocks	Drayson Bowman	Winger
2011	5	82	Louisiana Voodoo	Mark Fayne	Defense
2011	5	83	Mississauga Indians	Colin Greening	Winger
2011	5	84	Oklahoma City Oil Barons	Johan Harju	Winger
2011	5	85	Wichita Wolfpack	Tim Jackman	Winger
2011	5	86	San Francisco Fighting Cocks	Chuck Kobasew	Winger
2011	5	87	San Francisco Fighting Cocks	Mark Stuart	Defense
2011	5	88	Milwaukee Ice Dragons	Chris Tanev	Defense
2011	5	89	South Carolina Stingrays	Joey Crabb	Winger
2011	5	90	Charlotte Storm	Scott Timmins	Center
2011	5	91	San Francisco Fighting Cocks	Liam Reddox	Winger
2011	5	92	Milwaukee Ice Dragons	Henrik Karlsson	Goaltender
2011	5	93	Charlotte Storm	Matt Martin	Winger
2011	5	94	Charlotte Storm	Tomas Vincour	Winger
2011	5	95	San Francisco Fighting Cocks	Andy Sutton	Defense
2011	5	96	Indianapolis Mountain Goats	Tim Brent	Center
2011	5	97	San Francisco Fighting Cocks	Dainius Zubrus	Winger
2011	5	98	Toledo Honey Badgers	Gilbert Brule	Center
2011	5	99	San Francisco Fighting Cocks	Chris Vande Velde	Center
2011	5	100	San Francisco Fighting Cocks	Ryan O'Marra	Center
2012	1	1	Oklahoma City Oil Barons	Ryan Nugent-Hopkins	Center
2012	1	2	Louisville Lionhearts	Gabriel Landeskog	Winger
2012	1	3	Albuquerque Chupacabras	Adam Henrique	Center
2012	1	4	Oakland Assassins	Brayden Schenn	Center
2012	1	5	Toledo Honey Badgers	Cody Hodgson	Center
2012	1	6	Oakland Assassins	Justin Faulk	Defense
2012	1	7	Abbotsford Loggerheads	Adam Larsson	Defense
2012	1	8	Toledo Honey Badgers	Sean Couturier	Center
2012	1	9	Mississippi Mudbugs	Carl Hagelin	Winger
2012	1	10	Green Bay Glory	Matt Read	Winger
2012	1	11	Oakland Assassins	Jacob Markstrom	Goaltender
2012	1	12	Charlotte Storm	Jake Gardiner	Defense
2012	1	13	Green Bay Glory	Jaromir Jagr	Winger
2012	1	14	South Carolina Stingrays	Ryan Johansen	Center
2012	1	15	Oakland Assassins	Ryan Ellis	Defense
2012	1	16	Wichita Wolfpack	Nino Niederreiter	Winger
2012	1	17	Kelowna Mountaineers	Zach Kassian	Winger
2012	1	18	Toledo Honey Badgers	Eric Gudbranson	Defense
2012	1	19	Oakland Assassins	Brendan Smith	Defense
2012	1	20	Abbotsford Loggerheads	Brett Connolly	Winger
2012	2	21	Oklahoma City Oil Barons	Matt Hackett	Goaltender
2012	2	22	Toledo Honey Badgers	Slava Voynov	Defense
2012	2	23	Albuquerque Chupacabras	Devante Smith-Pelley	Winger
2012	2	24	Louisville Lionhearts	Craig Smith	Winger
2012	2	25	Toledo Honey Badgers	Jared Cowen	Winger
2012	2	26	Toledo Honey Badgers	Andrew Shaw	Winger
2012	2	27	Abbotsford Loggerheads	G. Bourque	Winger
2012	2	28	Toledo Honey Badgers	Roman Josi	Defense
2012	2	29	Atlantic City Aces	Marcus Kruger	Center
2012	2	30	Louisville Lionhearts	Dmitri Orlov	Defense
2012	2	31	Louisville Lionhearts	Mike Foligno	Winger
2012	2	32	Charlotte Storm	David Rundblad	Defense
2012	2	33	Indianapolis Mountain Goats	Gustav Nyquist	Winger
2012	2	34	Green Bay Glory	T.J. Brodie	Defense
2012	2	35	Mississippi Mudbugs	Tim Erixon	Defense
2012	2	36	San Francisco Fighting Cocks	Cam Atkinson	Winger
2012	2	37	Milwaukee Ice Dragons	Stefan Elliott	Defense
2012	2	38	Memphis Hound Dogs	Petr Sykora	Winger
2012	2	39	Milwaukee Ice Dragons	Guillaume Latendresse	Winger
2012	2	40	Albuquerque Chupacabras	Josh Harding	Goaltender
2012	3	41	San Francisco Fighting Cocks	Simon Despres	Defense
2012	3	42	Wichita Wolfpack	T.J. Galiardi	Winger
2012	3	43	Abbotsford Loggerheads	Matt Frattin	Winger
2012	3	44	Indianapolis Mountain Goats	Brad Boyes	Winger
2012	3	45	South Carolina Stingrays	Bryce Salvador	Defense
2012	3	46	Kelowna Mountaineers	Cody Eakin	Center
2012	3	47	Mississauga Indians	Justin Peters	Goaltender
2012	3	48	San Francisco Fighting Cocks	Brayden McNabb	Defense
2012	3	49	Kelowna Mountaineers	M.A. Gragnani	Defense
2012	3	50	Green Bay Glory	Shane O'Brien	Defense
2012	3	51	San Francisco Fighting Cocks	Erik Gustafsson	Defense
2012	3	52	Milwaukee Ice Dragons	Alexei Emelin	Defense
2012	3	53	Kelowna Mountaineers	Corey Potter	Defense
2012	3	54	San Francisco Fighting Cocks	Teemu Hartikainen	Winger
2012	3	55	Atlantic City Aces	Robin Lehner	Goaltender
2012	3	56	Green Bay Glory	Alec Martinez	Defense
2012	3	57	Abbotsford Loggerheads	Daymond Langkow	Center
2012	3	58	Indianapolis Mountain Goats	Evgeni Nabokov	Goaltender
2012	3	59	Milwaukee Ice Dragons	Shawn Matthias	Center
2012	3	60	Mississauga Indians	Philip Larsen	Defense
2012	4	61	Milwaukee Ice Dragons	Derek Smith	Defense
2012	4	62	Wichita Wolfpack	Anthony Stewart	Winger
2012	4	63	Kelowna Mountaineers	Ben Scrivens	Goaltender
2012	4	64	Mississippi Mudbugs	Louis Leblanc	Center
2012	4	65	Atlantic City Aces	Eric Wellwood	Center
2012	4	66	Mississippi Mudbugs	Evgeny Grachev	Winger
2012	4	67	Albuquerque Chupacabras	Kyle Chipchura	Winger
2012	4	68	Mississippi Mudbugs	Jacob Josefson	Center
2012	4	69	Mississippi Mudbugs	Jack Skille	Winger
2012	4	70	Mississippi Mudbugs	Andrei Loktionov	Center
2012	4	71	Atlantic City Aces	John Moore	Defense
2012	4	72	Charlotte Storm	Leland Irving	Goaltender
2012	4	73	Mississippi Mudbugs	Jordan Nolan	Winger
2012	4	74	Memphis Hound Dogs	Marting Brodeur	Goaltender
2012	4	75	Mississippi Mudbugs	Travis Moen	Winger
2012	4	76	San Francisco Fighting Cocks	Casey Wellman	Center
2012	4	77	Mississippi Mudbugs	Alexander Radulov	Winger
2012	4	78	Indianapolis Mountain Goats	Casey Cizikas	Center
2012	4	79	Kelowna Mountaineers	Blake Geoffrion	Winger
2012	4	80	Albuquerque Chupacabras	Dwight King	Winger
2012	5	81	Abbotsford Loggerheads	Derek Dorsett	Winger
2012	5	82	San Francisco Fighting Cocks	Tyson Barrie	Defense
2012	5	83	Albuquerque Chupacabras	Shawn Thornton	Winger
2012	5	84	San Francisco Fighting Cocks	David Savard	Defense
2012	5	85	Las Vegas Desperado	Roman Horak	Winger
2012	5	86	Memphis Hound Dogs	Greg Campbell	Center
2012	5	87	Kelowna Mountaineers	Ben Smith	Defense
2012	5	88	Toledo Honey Badgers	Thomas Greiss	Goaltender
2012	5	89	Albuquerque Chupacabras	Richard Bachman	Goaltender
2012	5	90	Green Bay Glory	Raphael Diaz	Defense
2012	5	91	Louisville Lionhearts	Raffi Torres	Winger
2012	5	92	Atlantic City Aces	Cory Emmerton	Winger
2012	5	93	San Francisco Fighting Cocks	Lennart Petrell	Center
2012	5	94	Memphis Hound Dogs	Maxim Lapierre	Center
2012	5	95	Kelowna Mountaineers	M.A. Bourdon	Defense
2012	5	96	Abbotsford Loggerheads	Trevor Smith	Center
2012	5	97	San Francisco Fighting Cocks	Zac Rinaldo	Center
2012	5	98	San Francisco Fighting Cocks	Stu Bickel	Center
2012	5	99	San Francisco Fighting Cocks	Chris Summers	Defense
2012	5	100	San Francisco Fighting Cocks	Rob Klinkhammer	Winger
2013	1	1	Salem Grave Diggers	Alex Galchenyuk	Center
2013	1	2	San Francisco Fighting Cocks	Justin Schultz	Defense
2013	1	3	Oklahoma City Oil Barons	Brandon Saad	Winger
2013	1	4	Mississippi Mudbugs	Jonathan Huberdeau	Winger
2013	1	5	Seattle Storm	Nail Yakupov	Winger
2013	1	6	Oklahoma City Oil Barons	Jakob Silfverberg	Winger
2013	1	7	Indianapolis Mountain Goats	Dougie Hamilton	Defense
2013	1	8	Wichita Wolfpack	Brendan Gallagher	Winger
2013	1	9	Atlantic City Aces	Mika Zibanejad	Center
2013	1	10	Kelowna Mountaineers	Vladimir Tarasenko	Winger
2013	1	11	Louisiana Voodoo	Jonas Brodin	Defense
2013	1	12	Milwaukee Ice Dragons	Sven Baertschi	Winger
2013	1	13	Oakland Assassins	Mikael Granlund	Center
2013	1	14	Seattle Storm	Jaden Schwartz	Winger
2013	1	15	Salem Grave Diggers	Charlie Coyle	Winger
2013	1	16	Louisiana Voodoo	Cory Conacher	Center
2013	1	17	Milwaukee Ice Dragons	Viktor Fasth	Goaltender
2013	1	18	Oklahoma City Oil Barons	Jake Muzzin	Defense
2013	1	19	Louisiana Voodoo	Travis Zajac	Center
2013	1	20	Seattle Storm	Patrick Wiercioch	Defense
2013	2	21	Hamilton Rednecks	Damien Brunner	Winger
2013	2	22	Indianapolis Mountain Goats	Tyler Toffoli	Winger
2013	2	23	Oklahoma City Oil Barons	Emerson Etem	Winger
2013	2	24	San Francisco Fighting Cocks	Jake Allen	Goaltender
2013	2	25	Seattle Storm	Beau Bennett	Winger
2013	2	26	Oakland Assassins	Mikhail Grigorenko	Winger
2013	2	27	Louisville Lionhearts	Alex Killorn	Winger
2013	2	28	Indianapolis Mountain Goats	Jamie Oleksiak	Defense
2013	2	29	Oakland Assassins	Dalton Prout	Defense
2013	2	30	Kelowna Mountaineers	Matt Irwin	Defense
2013	2	31	Milwaukee Ice Dragons	Brian Dillon	Defense
2013	2	32	Abbotsford Loggerheads	Chris Kreider	Winger
2013	2	33	Seattle Storm	Antoinne Roussell	Winger
2013	2	34	Mississippi Mudbugs	J.T. Miller	Center
2013	2	35	San Francisco Fighting Cocks	Alex Chaisson	Winger
2013	2	36	Hamilton Rednecks	Niklas Bjugstad	Center
2013	2	37	Louisiana Voodoo	Danny DeKeyser	Winger
2013	2	38	South Carolina Stingrays	Jason Zucker	Winger
2013	2	39	Green Bay Glory	Tyler Johnson	Center
2013	2	40	Seattle Storm	Radko Gudas	Defense
2013	3	41	Hamilton Rednecks	Richard Panik	Winger
2013	3	42	Green Bay Glory	Devin Shore	Winger
2013	3	43	Oklahoma City Oil Barons	Anton Khudobin	Goaltender
2013	3	44	San Francisco Fighting Cocks	Josh Andersson	Winger
2013	3	45	Seattle Storm	Eric Gryba	Defense
2013	3	46	Hamilton Rednecks	Reilly Smith	Winger
2013	3	47	Louisville Lionhearts	Paul Postma	Defense
2013	3	48	Louisville Lionhearts	Colin McDonald	Winger
2013	3	49	Mississippi Mudbugs	Jarred Tinordi	Defense
2013	3	50	San Francisco Fighting Cocks	Nathan Beaulieu	Defense
2013	3	51	Kelowna Mountaineers	Jordan Schroeder	Winger
2013	3	52	Mississippi Mudbugs	Tomas Hickey	Defense
2013	3	53	San Francisco Fighting Cocks	Erik Gustafsson	Defense
2013	3	54	San Francisco Fighting Cocks	Brian Strait	Defense
2013	3	55	San Francisco Fighting Cocks	Anton Lander	Winger
2013	3	56	Hamilton Rednecks	Viktor Bartley	Winger
2013	3	57	South Carolina Stingrays	Brian Flynn	Winger
2013	3	58	Oakland Assassins	Sami Vatanen	Defense
2013	3	59	Louisiana Voodoo	Dustin Penner	Winger
2013	3	60	Oklahoma City Oil Barons	Mark Pysyk	Defense
2013	4	61	San Francisco Fighting Cocks	Michael Sgarbossa	Center
2013	4	62	Toledo Honey Badgers	Darcy Kuemper	Goaltender
2013	4	63	Oklahoma City Oil Barons	Quinton Howden	Center
2013	4	64	Oakland Assassins	Mike Weber	Defense
2013	4	65	Seattle Storm	Riley Nash	Winger
2013	4	66	Seattle Storm	Joni Pitkanen	Defense
2013	4	67	San Francisco Fighting Cocks	P.M. Bouchard	Center
2013	4	68	Toledo Honey Badgers	Matt D'Agostini	Winger
2013	4	69	Mississippi Mudbugs	Jordie Benn	Defense
2013	4	70	Kelowna Mountaineers	Tomas Greiss	Goaltender
2013	4	71	Louisiana Voodoo	Stefan Matteau	Center
2013	4	72	San Francisco Fighting Cocks	Peter Holland	Center
2013	4	73	Oakland Assassins	Rob Klinkhammer	Winger
2013	4	74	Seattle Storm	Justin Falk	Defense
2013	4	75	Milwaukee Ice Dragons	John Moore	Defense
2013	4	76	Las Vegas Desperado	Leo Komarov	Winger
2013	4	77	Abbotsford Loggerheads	Greg Campbell	Center
2013	4	78	Wichita Wolfpack	Max Reinhart	Center
2013	4	79	Milwaukee Ice Dragons	Carl Soderberg	Winger
2013	4	80	Green Bay Glory	Taylor Beck	Winger
2013	5	81	Salem Grave Diggers	Steven Oleksy	Defense
2013	5	82	Toledo Honey Badgers	Matt Fraser	Winger
2013	5	83	Las Vegas Desperado	Mike Santorelli	Winger
2013	5	84	San Francisco Fighting Cocks	Brian Lashoff	Defense
2013	5	85	Seattle Storm	Austin Watson	Winger
2013	5	86	Seattle Storm	Tomas Kundratek	Defense
2013	5	87	San Francisco Fighting Cocks	James Sheppard	Center
2013	5	88	South Carolina Stingrays	Derek Morris	Defense
2013	5	89	Milwaukee Ice Dragons	Alex Petrovic	Winger
2013	5	90	Kelowna Mountaineers	Matt Halischuk	Winger
2013	5	91	Las Vegas Desperado	Adam McQuaid	Defense
2013	5	92	Mississippi Mudbugs	Wade Redden	Defense
2013	5	93	San Francisco Fighting Cocks	Alex Kovalev	Winger
2013	5	94	San Francisco Fighting Cocks	Tom Poti	Defense
2013	5	95	San Francisco Fighting Cocks	Daniel Bang	Winger
2013	5	96	Seattle Storm	John Erskine	Defense
2013	5	97	Salem Grave Diggers	David Booth	Winger
2013	5	98	South Carolina Stingrays	Roman Cervenka	Winger
2013	5	99	Memphis Hound Dogs	David Rundblad	Defense
2013	5	100	Green Bay Glory	Jimmy Hayes	Winger
2014	1	1	Indianapolis Goats	Nathan MacKinnon	Center
2014	1	2	Mississippi Mudbugs	Jacob Trouba	Defense
2014	1	3	Wichita Wolfpack	Seth Jones	Defense
2014	1	4	Seattle Storm	Sean Monahan	Center
2014	1	5	Halifax Schooners	Valeri Nichushkin	Winger
2014	1	6	Milwaukee Ice Dragons	Hampus Lindholm	Defense
2014	1	7	Oakland Assassins	Mark Scheifele	Center
2014	1	8	South Carolina Stingrays	Boone Jenner	Winger
2014	1	9	Halifax Schooners	Tomas Hertl	Center
2014	1	10	Louisiana Voodoo	Torey Krug	Defense
2014	1	11	Green Bay Glory	Olli Maatta	Defense
2014	1	12	Indianapolis Goats	Ryan Murray	Defense
2014	1	13	Kelowna Mountaineers	Ryan Strome	Center
2014	1	14	South Carolina Stingrays	Morgan Rielly	Defense
2014	1	15	Abbotsford Loggerheads	Aleksander Barkov	Center
2014	1	16	San Francisco Fighting Cocks	Evgeni Kuznetsov	Center
2014	1	17	Milwaukee Ice Dragons	Eric Gelinas	Defense
2014	1	18	Louisiana Voodoo	Filip Forsberg	Winger
2014	1	19	Milwaukee Ice Dragons	Elias Lindholm	Winger
2014	1	20	Oakland Assassins	Nick Holden	Defense
2014	2	21	San Francisco Fighting Cocks	Nikita Kucherov	Winger
2014	2	22	Halifax Schooners	Frederik Andersen	Goaltender
2014	2	23	Seattle Storm	Rasmus Ristolainen	Defense
2014	2	24	Lone Star Brahmas	Riley Sheahan	Center
2014	2	25	Oakland Assassins	Cam Talbot	Goaltender
2014	2	26	Mississippi Mudbugs	Martin Jones	Goaltender
2014	2	27	Indianapolis Goats	Zemgus Girgensons	Center
2014	2	28	Milwaukee Ice Dragons	Brock Nelson	Winger
2014	2	29	Green Bay Glory	Tomas Jurco	Winger
2014	2	30	Seattle Storm	Tom Wilson	Winger
2014	2	31	Green Bay Glory	Alex Stalock	Goaltender
2014	2	32	Louisville Lionhearts	Brandon Pirri	Winger
2014	2	33	South Carolina Stingrays	Eddie Lack	Goaltender
2014	2	34	San Francisco Fighting Cocks	Ryan Spooner	Center
2014	2	35	Oakland Assassins	Anders Lee	Winger
2014	2	36	Las Vegas Desperado	Calle Jarnkrok	Center
2014	2	37	Louisiana Voodoo	Matt Nieto	Winger
2014	2	38	Oakland Assassins	Ryan Murphy	Defense
2014	2	39	Lone Star Brahmas	David Savard	Defense
2014	2	40	Wichita Wolfpack	Tanner Pearson	Winger
2014	3	41	Oklahoma City Oil Barons	Philip Grubauer	Goaltender
2014	3	42	Halifax Schooners	Calvin de Haan	Defense
2014	3	43	Milwaukee Ice Dragons	Brendan Smith	Defense
2014	3	44	Kelowna Mountaineers	Colton Sceviour	Winger
2014	3	45	San Francisco Fighting Cocks	Cody Ceci	Defense
2014	3	46	Mississauga Indians	Matt Dumba	Defense
2014	3	47	Mississauga Indians	Mark Stone	Winger
2014	3	48	Las Vegas Desperado	Justin Fontaine	Winger
2014	3	49	Kelowna Mountaineers	Rickard Rakell	Winger
2014	3	50	Louisiana Voodoo	Martin Marincin	Defense
2014	3	51	Green Bay Glory	Vincent Trocheck	Center
2014	3	52	Lone Star Brahmas	Jon Merrill	Defense
2014	3	53	Cincinnati Cyclones	Petr Mrazek	Goaltender
2014	3	54	Indianapolis Goats	Dmitrij Jaskin	Winger
2014	3	55	San Francisco Fighting Cocks	Chad Johnson	Goaltender
2014	3	56	Green Bay Glory	Matt Donovan	Winger
2014	3	57	Mississippi Mudbugs	Willie Mitchell	Defense
2014	3	58	Indianapolis Goats	Lance Bouma	Winger
2014	3	59	Lone Star Brahmas	Darren Helm	Center
2014	3	60	Indianapolis Goats	Tyler Wotherspoon	Defense
2014	4	61	Las Vegas Desperado	Carter Hutton	Goaltender
2014	4	62	Oklahoma City Oil Barons	Mark Arcobello	Winger
2014	4	63	San Francisco Fighting Cocks	Michael Raffl	Winger
2014	4	64	San Francisco Fighting Cocks	Brooks Laich	Center
2014	4	65	Oakland Assassins	Erik Haula	Winger
2014	4	66	Wichita Wolfpack	Ryan Clowe	Winger
2014	4	67	Halifax Schooners	Dominic Moore	Winger
2014	4	68	Mississippi Mudbugs	Oscar Klefbom	Defense
2014	4	69	Mississauga Indians	Connor Murphy	Defense
2014	4	70	San Francisco Fighting Cocks	Jeremy Morin	Winger
2014	4	71	South Carolina Stingrays	Mark Fayne	Defense
2014	4	72	San Francisco Fighting Cocks	Connor Carrick	Defense
2014	4	73	San Francisco Fighting Cocks	Linden Vey	Center
2014	4	74	San Francisco Fighting Cocks	Dylan Olsen	Defense
2014	4	75	Kelowna Mountaineers	Reid Boucher	Winger
2014	4	76	San Francisco Fighting Cocks	Mattias Ekholm	Defense
2014	4	77	Mississippi Mudbugs	Nick Jensen	Defense
2014	4	78	Mississauga Indians	Martin Havlat	Winger
2014	4	79	Lone Star Brahmas	Paul Byron	Winger
2014	4	80	Halifax Schooners	Sean Bergenheim	Winger
2014	5	81	San Francisco Fighting Cocks	Mark Barberio	Defense
2014	5	82	Oklahoma City Oil Barons	Ryan Stanton	Defense
2014	5	83	Seattle Storm	David Booth	Winger
2014	5	84	Lone Star Brahmas	J.T. Brown	Winger
2014	5	85	San Francisco Fighting Cocks	Lubomir Visnovsky	Defense
2014	5	86	San Francisco Fighting Cocks	Johan Larsson	Center
2014	5	87	Mississauga Indians	Michael Bournival	Winger
2014	5	88	Milwaukee Ice Dragons	Kevan Miller	Defense
2014	5	89	Milwaukee Ice Dragons	Karri Ramo	Goaltender
2014	5	90	San Francisco Fighting Cocks	Simon Despres	Defense
2014	5	91	Green Bay Glory	Colton Sissons	Winger
2014	5	92	San Francisco Fighting Cocks	Jeff Zatkoff	Goaltender
2014	5	93	San Francisco Fighting Cocks	Antti Raanta	Goaltender
2014	5	94	San Francisco Fighting Cocks	Jesper Fast	Winger
2014	5	95	Memphis Hound Dogs	Clayton Stoner	Defense
2014	5	96	Memphis Hound Dogs	Kyle Quincey	Defense
2014	5	97	Mississippi Mudbugs	Sergei Gonchar	Defense
2014	5	98	Wichita Wolfpack	Raphael Diaz	Defense
2014	5	99	Mississippi Mudbugs	Viktor Bartley	Defense
2014	5	100	Mississippi Mudbugs	Matt Greene	Defense
2015	1	1	Mississauga Indians	Aaron Ekblad	Defense
2015	1	2	Indianapolis Goats	Johnny Gaudreau	Winger
2015	1	3	Oklahoma City Oil Barons	John Klingberg	Defense
2015	1	4	Halifax Schooners	Jonathon Drouin	Center
2015	1	5	San Francisco Fighting Cocks	Teuvo Teravainen	Winger
2015	1	6	Green Bay Glory	Bo Horvat	Center
2015	1	7	Louisville Lionhearts	Viktor Rask	Winger
2015	1	8	Oakland Assassins	John Gibson	Goaltender
2015	1	9	Abbotsford Loggerheads	David Pastrnak	Winger
2015	1	10	Seattle Storm	Kevin Hayes	Center
2015	1	11	Cincinnati Cyclones	Leon Draisaitl	Center
2015	1	12	Halifax Schooners	Derrick Pouliot	Defense
2015	1	13	Cincinnati Cyclones	Nikita Zadorov	Defense
2015	1	14	San Francisco Fighting Cocks	Teemu Pulkkinen	Winger
2015	1	15	Las Vegas Desperado	Marko Dano	Winger
2015	1	16	Abbotsford Loggerheads	Damon Severson	Defense
2015	1	17	Abbotsford Loggerheads	Jori Lehtera	Center
2015	1	18	Oakland Assassins	Andrei Burakovsky	Winger
2015	1	19	Mississippi Mudbugs	Alexander Wennberg	Center
2015	1	20	Louisville Lionhearts	Tobias Rieder	Winger
2015	2	21	Lone Star Brahmas	Melker Karlsson	Winger
2015	2	22	Green Bay Glory	Curtis Lazar	Center
2015	2	23	Louisiana Voodoo	Anthony Duclair	Winger
2015	2	24	Kelowna Mountaineers	Andrei Vasilevskiy	Goaltender
2015	2	25	Louisville Lionhearts	Adam Lowry	Center
2015	2	26	Green Bay Glory	Byron Ritchie	Winger
2015	2	27	Las Vegas Desperado	Andrew Hammond	Goaltender
2015	2	28	Louisville Lionhearts	Andrej Nestrasil	Winger
2015	2	29	Kelowna Mountaineers	Vladimir Namestnikov	Center
2015	2	30	Louisiana Voodoo	Josh Jooris	Winger
2015	2	31	San Francisco Fighting Cocks	Nikita Nesterov	Defense
2015	2	32	Mississippi Mudbugs	Michael Hutchinson	Goaltender
2015	2	33	Milwaukee Ice Dragons	Ty Rattie	Winger
2015	2	34	Louisiana Voodoo	Chris Tierney	Center
2015	2	35	Kelowna Mountaineers	Scott Laughton	Center
2015	2	36	Oklahoma City Oil Barons	Scott Darling	Goaltender
2015	2	37	Milwaukee Ice Dragons	Alexey Marchenko	Defense
2015	2	38	Kelowna Mountaineers	Zach Trotman	Defense
2015	2	39	Las Vegas Desperado	Cedric Paquette	Center
2015	2	40	San Francisco Fighting Cocks	Xavier Ouellet	Defense
2015	3	41	Lone Star Brahmas	M. Granlund	Winger
2015	3	42	Kelowna Mountaineers	Jiri Sekac	Center
2015	3	43	Oakland Assassins	M. Puempel	Winger
2015	3	44	Green Bay Glory	Mirco Mueller	Defense
2015	3	45	Louisville Lionhearts	Brandon Gormley	Defense
2015	3	46	Green Bay Glory	Nicklas Svedberg	Goaltender
2015	3	47	San Francisco Fighting Cocks	Trevor van Riemsdyk	Defense
2015	3	48	Louisville Lionhearts	Jacob De La Rose	Winger
2015	3	49	San Francisco Fighting Cocks	Andrej Sustr	Defense
2015	3	50	Seattle Storm	Cristian Folin	Defense
2015	3	51	Cincinnati Cyclones	Seth Griffith	Winger
2015	3	52	Mississauga Indians	Adam Clendening	Defense
2015	3	53	Oakland Assassins	Matt Greene	Defense
2015	3	54	Louisiana Voodoo	Joe Morrow	Defense
2015	3	55	Seattle Storm	Nick Shore	Winger
2015	3	56	Las Vegas Desperado	Matt Tennyson	Defense
2015	3	57	Wichita Wolfpack	Calvin Pickard	Goaltender
2015	3	58	Oakland Assassins	Nathan Beaulieu	Defense
2015	3	59	Oakland Assassins	Rob Scuderi	Defense
2015	3	60	Louisville Lionhearts	Ben Chiarot	Defense
2015	4	61	Lone Star Brahmas	Cody Goloubef	Defense
2015	4	62	Mississauga Indians	Michael Ferland	Winger
2015	4	63	Milwaukee Ice Dragons	Alex Petrovic	Defense
2015	4	64	Halifax Schooners	Scott Harrington	Defense
2015	4	65	Oakland Assassins	Eric Gryba	Defense
2015	4	66	Milwaukee Ice Dragons	Patrick Nemeth	Defense
2015	4	67	Milwaukee Ice Dragons	Josh Manson	Defense
2015	4	68	San Francisco Fighting Cocks	Scott Gomez	Center
2015	4	69	Lone Star Brahmas	Dennis Everberg	Winger
2015	4	70	Seattle Storm	William Karlsson	Center
2015	4	71	Mississauga Indians	Mike Weber	Defense
2015	4	72	South Carolina Stingrays	Tom Gilbert	Defense
2015	4	73	Indianapolis Goats	P.A. Parenteau	Winger
2015	4	74	Lone Star Brahmas	Tim Erixon	Defense
2015	4	75	Las Vegas Desperado	Michael Jordan	Defense
2015	4	76	San Francisco Fighting Cocks	Dustin Tokarski	Goaltender
2015	4	77	Oakland Assassins	Andrej Meszaros	Defense
2015	4	78	Oakland Assassins	Luca Sbisa	Defense
2015	4	79	San Francisco Fighting Cocks	Michael Latta	Center
2015	4	80	Las Vegas Desperado	Barclay Goodrow	Winger
2015	5	81	Mississauga Indians	Jyrki Jokipakka	Defense
2015	5	82	Mississauga Indians	Anders Lindback	Goaltender
2015	5	83	San Francisco Fighting Cocks	David Jones	Winger
2015	5	84	South Carolina Stingrays	Teddy Purcell	Winger
2015	5	85	Oakland Assassins	Adam McQuaid	Defense
2015	5	86	Green Bay Glory	Bryan Bickell	Winger
2015	5	87	Mississauga Indians	Vincent Lecavalier	Center
2015	5	88	Oakland Assassins	Shawn Horcoff	Center
2015	5	89	South Carolina Stingrays	Brooks Laich	Center
2015	5	90	Seattle Storm	Reto Berra	Goaltender
2015	5	91	Mississauga Indians	Nate Guenin	Defense
2015	5	92	Mississippi Mudbugs	Ronalds Kenins	Winger
2015	5	93	Memphis Hound Dogs	Seth Helgeson	Defense
2015	5	94	Indianapolis Goats	Philip Varone	Center
2015	5	95	Las Vegas Desperado	Petteri Lindbohm	Defense
2015	5	96	Kelowna Mountaineers	Korbinian Holzer	Defense
2015	5	97	Green Bay Glory	Derek Dorsett	Winger
2015	5	98	Mississauga Indians	Klas Dahlbeck	Defense
2015	5	99	San Francisco Fighting Cocks	Rob Klinkhammer	Winger
2015	5	100	Milwaukee Ice Dragons	Viktor Stalberg	Center
2016	1	1	San Francisco Fighting Cocks	Connor McDavid	Center
2016	1	2	Peoria Prowlers	Jack Eichel	Center
2016	1	3	South Carolina Stingrays	Artemi Panarin	Winger
2016	1	4	Staten Island Killer Bees	Shayne Gostisbehere	Defense
2016	1	5	Green Bay Glory	Sam Reinhart	Winger
2016	1	6	Victoria Vipers	Colton Parayko	Defense
2016	1	7	South Carolina Stingrays	Dylan Larkin	Center
2016	1	8	Staten Island Killer Bees	Nikolaj Ehlers	Winger
2016	1	9	Seattle Storm	Max Domi	Winger
2016	1	10	Staten Island Killer Bees	Robbi Fabbri	Winger
2016	1	11	Staten Island Killer Bees	Noah Hanifin	Defense
2016	1	12	Staten Island Killer Bees	William Nylander	Winger
2016	1	13	Staten Island Killer Bees	Matt Murray	Goaltender
2016	1	14	Cincinnati Cyclones	Mattias Janmark	Winger
2016	1	15	Kelowna Mountaineers	Sam Bennett	Center
2016	1	16	Staten Island Killer Bees	Jonnas Donskoi	Winger
2016	1	17	Oakland Assassins	Oliver Bjorkstrand	Winger
2016	1	18	Staten Island Killer Bees	Shea Theodore	Defense
2016	1	19	Louisiana Voodoo	Darnell Nurse	Defense
2016	1	20	Indianapolis Goats	Jake Virtanen	Winger
2016	2	21	Staten Island Killer Bees	Dmitri Orlov	Defense
2016	2	22	San Francisco Fighting Cocks	Andreas Athanasiou	Winger
2016	2	23	Abbotsford Loggerheads	Jake McCabe	Defense
2016	2	24	Louisiana Voodoo	Ryan Pulock	Defense
2016	2	25	Peoria Prowlers	Jaccob Slavin	Defense
2016	2	26	Oakland Assassins	Connor Hellebuyck	Goaltender
2016	2	27	Kelowna Mountaineers	Anthony Mantha	Winger
2016	2	28	Kelowna Mountaineers	Joseph Blandisi	Center
2016	2	29	San Francisco Fighting Cocks	Oscar Lindberg	Center
2016	2	30	Kelowna Mountaineers	Nick Ritchie	Winger
2016	2	31	Louisiana Voodoo	Ben Hutton	Defense
2016	2	32	Louisiana Voodoo	Brian Dumoulin	Defense
2016	2	33	Staten Island Killer Bees	Kerby Rychel	Winger
2016	2	34	Cincinnati Cyclones	Brett Pesce	Defense
2016	2	35	Green Bay Glory	Joonas Korpisalo	Goaltender
2016	2	36	Staten Island Killer Bees	Nikita Tryamkin	Defense
2016	2	37	South Carolina Stingrays	Chris Wideman	Defense
2016	2	38	Lone Star Brahmas	Joel Edmundson	Defense
2016	2	39	Green Bay Glory	Phillipe Di Giuseppe	Winger
2016	2	40	Louisiana Voodoo	Jared McCann	Center
2016	3	41	Las Vegas Desperado	Connor Sheary	Winger
2016	3	42	San Francisco Fighting Cocks	Joel Armia	Center
2016	3	43	San Francisco Fighting Cocks	Derek Forbort	Defense
2016	3	44	Indianapolis Goats	Radek Faksa	Winger
2016	3	45	Green Bay Glory	Erik Gustafsson	Defense
2016	3	46	Victoria Vipers	Phillip Daneault	Center
2016	3	47	Milwaukee Ice Dragons	Joakim Nordstrom	Winger
2016	3	48	Abbotsford Loggerheads	Nic Petan	Winger
2016	3	49	Indianapolis Goats	Jacob Markstrom	Goaltender
2016	3	50	Oklahoma City Oil Barons	Alexander Burmistrov	Center
2016	3	51	Oakland Assassins	Nikita Soshnikov	Winger
2016	3	52	Milwaukee Ice Dragons	Mike Reilly	Defense
2016	3	53	Louisiana Voodoo	Zack Hyman	Winger
2016	3	54	Cincinnati Cyclones	Jonathon Marchessault	Winger
2016	3	55	Peoria Prowlers	Jyrki Jokipakka	Defense
2016	3	56	Indianapolis Goats	Carter Hutton	Goaltender
2016	3	57	Mississauga Indians	Viktor Arvidsson	Winger
2016	3	58	Louisiana Voodoo	Connor Carrick	Defense
2016	3	59	Mississauga Indians	Shane Prince	Winger
2016	3	60	Lone Star Brahmas	Matt Calvert	Winger
2016	4	61	Cincinnati Cyclones	Josh Leivo	Winger
2016	4	62	Mississauga Indians	J.T. Brown	Winger
2016	4	63	Mississauga Indians	Jordan Martinook	Center
2016	4	64	Memphis Hound Dogs	Brian Gionta	Winger
2016	4	65	Green Bay Glory	Linus Ullmark	Goaltender
2016	4	66	Victoria Vipers	Andrew Desjardins	Center
2016	4	67	San Francisco Fighting Cocks	Erik Condra	Center
2016	4	68	South Carolina Stingrays	Matt Martin	Winger
2016	4	69	Seattle Storm	John Mitchell	Center
2016	4	70	San Francisco Fighting Cocks	Stanislav Galiev	Winger
2016	4	71	Kelowna Mountaineers	Jamie Oleksiak	Defense
2016	4	72	San Francisco Fighting Cocks	Nikita Nesterov	Defense
2016	4	73	Lone Star Brahmas	Petter Granberg	Defense
2016	4	74	Cincinnati Cyclones	Sergey Kalinin	Center
2016	4	75	Victoria Vipers	Ben Chiarot	Defense
2016	4	76	San Francisco Fighting Cocks	Jon Merrill	Defense
2016	4	77	Oakland Assassins	Anton Lander	Center
2016	4	78	San Francisco Fighting Cocks	Griffin Reinhart	Defense
2016	4	79	Milwaukee Ice Dragons	Frank Vatrano	Winger
2016	4	80	Las Vegas Desperado	Colton Sceviour	Winger
2016	5	81	Cincinnati Cyclones	Mike Condon	Goaltender
2016	5	82	Mississauga Indians	Austin Watson	Winger
2016	5	83	Lone Star Brahmas	P.E. Bellemare	Center
2016	5	84	Memphis Hound Dogs	Vincent Lecavalier	Center
2016	5	85	Green Bay Glory	Rocco Grimaldi	Winger
2016	5	86	Victoria Vipers	Colin Miller	Defense
2016	5	87	San Francisco Fighting Cocks	Sam Gagner	Winger
2016	5	88	Mississauga Indians	Stephen Johns	Defense
2016	5	89	Mississauga Indians	Radko Gudas	Defense
2016	5	90	Mississauga Indians	Eric Gryba	Defense
2016	5	91	Kelowna Mountaineers	Brendan Gaunce	Winger
2016	5	92	Milwaukee Ice Dragons	Michael McCarron	Center
2016	5	93	Lone Star Brahmas	Landon Ferraro	Center
2016	5	94	Cincinnati Cyclones	Garnet Hathaway	Winger
2016	5	95	Wichita Wolfpack	Daniel Sprong	Winger
2016	5	96	Louisiana Voodoo	Bryan Rust	Winger
2016	5	97	Oakland Assassins	Tomas Kuhnhackl	Winger
2016	5	98	Milwaukee Ice Dragons	Daniel Carr	Winger
2016	5	99	Milwaukee Ice Dragons	Andres Martinsen	Winger
2016	5	100	Las Vegas Desperado	Chris VandeVelde	Center
2017	1	1	Staten Island Killer Bees	Patrick Laine	Winger
2017	1	2	South Carolina Stingrays	Austin Matthews	Center
2017	1	3	Augusta Green Jackets	Mitch Marner	Winger
2017	1	4	Augusta Green Jackets	Zach Werenski	Defense
2017	1	5	South Carolina Stingrays	Matthew Tkachuk	Winger
2017	1	6	Milwaukee Ice Dragons	Sebastian  Aho	Winger
2017	1	7	Louisiana Voodoo	Brayden Point	Center
2017	1	8	Augusta Green Jackets	Jake Guentzel	Winger
2017	1	9	Abbotsford Loggerheads	Ivan Provorov	Defense
2017	1	10	Cheyenne Desperado	Mikko Rantanen	Winger
2017	1	11	Staten Island Killer Bees	Jesse Puljujarvi	Winger
2017	1	12	Cheyenne Desperado	Brady Skjei	Defense
2017	1	13	Louisiana Voodoo	Nikita Zaitsev	Defense
2017	1	14	Cincinnati Cyclones	Jakob Chychrun	Defense
2017	1	15	Oakland Assassins	Pavel Zacha	Center
2017	1	16	Lone Star Brahmas	Brandon Carlo	Defense
2017	1	17	South Carolina Stingrays	Christian Dvorak	Center
2017	1	18	Abbotsford Loggerheads	Alexander Radulov	Winger
2017	1	19	Kelowna Mountaineers	Ryan Hartman	Winger
2017	1	20	Peoria Prowlers	Tomas Konecny	Winger
2017	2	21	Wichita Wolfpack	Josh Ho-Sang	Winger
2017	2	22	Indianapolis Goats	Kyle Connor	Winger
2017	2	23	Louisiana Voodoo	Josh Morrissey	Defense
2017	2	24	San Francisco Fighting Cocks	Brendan Perlini	Center
2017	2	25	Lone Star Brahmas	Kevin Fiala	Winger
2017	2	26	Peoria Prowlers	Matt Irwin	Defense
2017	2	27	Louisiana Voodoo	Esa Lindell	Defense
2017	2	28	Indianapolis Goats	Joel Eriksson Ek	Winger
2017	2	29	Indianapolis Goats	Connor Brown	Winger
2017	2	30	Kelowna Mountaineers	Ivan Barbashev	Center
2017	2	31	Oakland Assassins	Juuse Saros	Goaltender
2017	2	32	Seattle Storm	Jimmy Vesey	Center
2017	2	33	Augusta Green Jackets	Pavel Buchnevich	Winger
2017	2	34	Louisiana Voodoo	Anthony Beauvillier	Winger
2017	2	35	Cheyenne Desperado	Anthony DeAngelo	Defense
2017	2	36	Kelowna Mountaineers	Brandon Montour	Defense
2017	2	37	Louisiana Voodoo	Timo Meier	Center
2017	2	38	Oklahoma City Oil Barons	Matt Benning	Defense
2017	2	39	Staten Island Killer Bees	Jakub Vrana	Winger
2017	2	40	Cincinnati Cyclones	Derek Ryan	Center
2017	3	41	Wichita Wolfpack	Arturri Lehkonen	Winger
2017	3	42	Indianapolis Goats	Julius Honka	Defense
2017	3	43	Kelowna Mountaineers	Kevin Lebanc	Winger
2017	3	44	San Francisco Fighting Cocks	Drake Caggiula	Winger
2017	3	45	Lone Star Brahmas	Devin Shore	Winger
2017	3	46	Victoria Vipers	Mike Matheson	Defense
2017	3	47	Cincinnati Cyclones	Sven Andrighetto	Winger
2017	3	48	Cheyenne Desperado	Aaron Dell	Goaltender
2017	3	49	Oakland Assassins	Brett Ritchie	Winger
2017	3	50	South Carolina Stingrays	Troy Stecher	Defense
2017	3	51	Augusta Green Jackets	Nick Schmaltz	Winger
2017	3	52	Lone Star Brahmas	Ryan Sproul	Winger
2017	3	53	Augusta Green Jackets	Paul LaDue	Defense
2017	3	54	Lone Star Brahmas	Zach Kassian	Winger
2017	3	55	Cheyenne Desperado	John Moore	Defense
2017	3	56	Cincinnati Cyclones	Laurent Brossoit	Goaltender
2017	3	57	Memphis Hound Dogs	Petr Budaj	Goaltender
2017	3	58	Milwaukee Ice Dragons	Ondrej Kase	Winger
2017	3	59	Wichita Wolfpack	Nick Shore	Winger
2017	3	60	Louisiana Voodoo	Lawson Crouse	Winger
2017	4	61	Memphis Hound Dogs	Tom Pyatt	Winger
2017	4	62	Kelowna Mountaineers	Steven Santini	Defense
2017	4	63	Green Bay Glory	Colton Sissons	Center
2017	4	64	Oakland Assassins	Nikolay Goldobin	Winger
2017	4	65	Lone Star Brahmas	Beau Bennett	Winger
2017	4	66	Victoria Vipers	Fredrik Claesson	Defense
2017	4	67	Staten Island Killer Bees	Adrian Kempe	Center
2017	4	68	San Francisco Fighting Cocks	Slater Koekkoek	Defense
2017	4	69	San Francisco Fighting Cocks	John Quenneville	Center
2017	4	70	San Francisco Fighting Cocks	Hudson Fasching	Winger
2017	4	71	Oakland Assassins	Xavier Ouellet	Defense
2017	4	72	Oakland Assassins	Teemu Pulkkinen	Winger
2017	4	73	Abbotsford Loggerheads	Scott Wilson	Winger
2017	4	74	Cincinnati Cyclones	Logan Shaw	Winger
2017	4	75	Oakland Assassins	J.T. Compher	Center
2017	4	76	Cincinnati Cyclones	Yannick Weber	Defense
2017	4	77	San Francisco Fighting Cocks	Magnus Paajarvi	Center
2017	4	78	Milwaukee Ice Dragons	Pontus Aberg	Winger
2017	4	79	Seattle Storm	Anthony Stolarz	Goaltender
2017	4	80	Victoria Vipers	Gustav Olofsson	Defense
2017	5	81	Staten Island Killer Bees	Andrew Copp	Center
2017	5	82	Kelowna Mountaineers	Austin Czarnik	Center
2017	5	83	Memphis Hound Dogs	Kyle Quincey	Defense
2017	5	84	San Francisco Fighting Cocks	Tanner Kero	Center
2017	5	85	Lone Star Brahmas	Tyler Motte	Winger
2017	5	86	Victoria Vipers	Mark Barberio	Defense
2017	5	87	San Francisco Fighting Cocks	Kevin Gravel	Defense
2017	5	88	San Francisco Fighting Cocks	Gustav Forsling	Defense
2017	5	89	Abbotsford Loggerheads	Tyler Pitlick	Center
2017	5	90	South Carolina Stingrays	Jon Merrill	Defense
2017	5	91	Oklahoma City Oil Barons	Anton Slepyshev	Winger
2017	5	92	Augusta Green Jackets	Scott Mayfield	Defense
2017	5	93	Augusta Green Jackets	John Hayden	Winger
2017	5	94	Cincinnati Cyclones	Peter Holland	Center
2017	5	95	Oklahoma City Oil Barons	Korbinian Holzer	Defense
2017	5	96	Cincinnati Cyclones	Brad Hunt	Defense
2017	5	97	Abbotsford Loggerheads	Dmitrij Jaskin	Center
2017	5	98	Milwaukee Ice Dragons	Nick Jensen	Defense
2017	5	99	Oakland Assassins	Nicolas Baptiste	Winger
2017	5	100	Indianapolis Goats	Adam Pelech	Defense
2018	1	1	Peoria Prowlers	Matt Barzal	Center
2018	1	2	Peoria Prowlers	Brock Boeser	Winger
2018	1	3	Oklahoma City Oil Barons	Alex DeBrincat	Winger
2018	1	4	South Carolina Stingrays	Mikhail Sergachev	Defense
2018	1	5	Louisiana Voodoo	Clayton Keller	Winger
2018	1	6	Oakland Assassins	Nico Hischier	Center
2018	1	7	Wichita Wolfpack	Charlie McAvoy	Defense
2018	1	8	Lone Star Brahmas	Will Butcher	Defense
2018	1	9	Wichita Wolfpack	Evgeny Dadonov	Winger
2018	1	10	Seattle Storm	P.L. Dubois	Center
2018	1	11	Oakland Assassins	Thomas Chabot	Defense
2018	1	12	Cincinnati Cyclones	Alexander Kerfoot	Winger
2018	1	13	Wichita Wolfpack	Nolan Patrick	Center
2018	1	14	Peoria Prowlers	Ryan Pulock	Defense
2018	1	15	Oakland Assassins	Jake DeBrusk	Winger
2018	1	16	Oakland Assassins	Alex Tuch	Winger
2018	1	17	Wichita Wolfpack	Victor Mete	Defense
2018	1	18	South Carolina Stingrays	Blake Coleman	Center
2018	1	19	San Francisco Fighting Cocks	Danton Heinen	Center
2018	1	20	Milwaukee Ice Dragons	Jesper Bratt	Winger
2018	2	21	Augusta Green Jackets	Tyson Jost	Center
2018	2	22	Oklahoma City Oil Barons	Brian Dumoulin	Defense
2018	2	23	San Francisco Fighting Cocks	Christian Fischer	Center
2018	2	24	South Carolina Stingrays	Malcolm Subban	Goaltender
2018	2	25	Wichita Wolfpack	Jack Johnson	Defense
2018	2	26	San Francisco Fighting Cocks	Samuel Girard	Defense
2018	2	27	Kelowna Mountaineers	Hayden Fleury	Defense
2018	2	28	Lone Star Brahmas	Jan Rutta	Defense
2018	2	29	San Francisco Fighting Cocks	Sonny Milano	Winger
2018	2	30	Memphis Hound Dogs	Vince Dunn	Defense
2018	2	31	Louisiana Voodoo	Eric Bear	Defense
2018	2	32	Cincinnati Cyclones	Matt Grzelcyk	Defense
2018	2	33	Oakland Assassins	Ryan Donato	Winger
2018	2	34	Indianapolis Goats	Kasperi Kapanen	Winger
2018	2	35	Cheyenne Desperado	Mark Jankowski	Center
2018	2	36	Atlanta Flashers	Charles Hudon	Winger
2018	2	37	Indianapolis Goats	Valentin Zykov	Winger
2018	2	38	Cheyenne Desperado	Tyler Bertuzzi	Winger
2018	2	39	Oakland Assassins	Dylan Strome	Center
2018	2	40	Cheyenne Desperado	Martin Frk	Winger
2018	3	41	Victoria Vipers	Anthony Cirelli	Center
2018	3	42	Victoria Vipers	Alex Iafallo	Winger
2018	3	43	Victoria Vipers	Andrew MacDonald	Defense
2018	3	44	Lone Star Brahmas	Austin Czarnik	Center
2018	3	45	Victoria Vipers	Vladimir Sobotka	Center
2018	3	46	Cincinnati Cyclones	Brian Gibbons	Winger
2018	3	47	Kelowna Mountaineers	Robert Hagg	Defense
2018	3	48	Oakland Assassins	Jack Roslovic	Winger
2018	3	49	Atlanta Flashers	Madison Bowey	Defense
2018	3	50	Oakland Assassins	Nate Thompson	Center
2018	3	51	Oakland Assassins	Linus Ullmark	Goaltender
2018	3	52	Cincinnati Cyclones	Anton Lindholm	Defense
2018	3	53	Augusta Green Jackets	Colin White	Center
2018	3	54	Augusta Green Jackets	Travis Dermott	Defense
2018	3	55	Oklahoma City Oil Barons	Tim Schaller	Winger
2018	3	56	Victoria Vipers	Brandon Manning	Defense
2018	3	57	Augusta Green Jackets	Evan Rodrigues	Center
2018	3	58	Cheyenne Desperado	Brandon Leipsic	Winger
2018	3	59	San Francisco Fighting Cocks	Travis Sanheim	Defense
2018	3	60	Augusta Green Jackets	David Kampf	Center
2018	4	61	Green Bay Glory	Scott Laughton	Center
2018	4	62	Oklahoma City Oil Barons	Dominik Simon	Center
2018	4	63	San Francisco Fighting Cocks	Rasmus Andersson	Defense
2018	4	64	Victoria Vipers	Joe Morrow	Defense
2018	4	65	Oakland Assassins	Jacob Larsson	Center
2018	4	66	Atlanta Flashers	Casey DeSmith	Goaltender
2018	4	67	Kelowna Mountaineers	Nikita Scherbak	Center
2018	4	68	Indianapolis Goats	Andrew Mangiapane	Center
2018	4	69	San Francisco Fighting Cocks	Erik Gustafsson	Defense
2018	4	70	Oakland Assassins	Ivan Barbashev	Center
2018	4	71	Oakland Assassins	Jordan Martinook	Center
2018	4	72	Cincinnati Cyclones	Kevin Gravel	Defense
2018	4	73	Oakland Assassins	Evgeny Svechnikov	Winger
2018	4	74	Cheyenne Desperado	Garnet Hathaway	Winger
2018	4	75	Green Bay Glory	Chris Tanev	Defense
2018	4	76	Louisiana Voodoo	Chandler Stephenson	Center
2018	4	77	Augusta Green Jackets	Noah Juulsen	Defense
2018	4	78	Cheyenne Desperado	Roland McKeown	Defense
2018	4	79	Milwaukee Ice Dragons	Alexander Georgiev	Goaltender
2018	4	80	San Francisco Fighting Cocks	Zack Anton-Reese	Winger
2018	5	81	Peoria Prowlers	Christian Djoos	Defense
2018	5	82	Oklahoma City Oil Barons	Andrew Shaw	Winger
2018	5	83	Augusta Green Jackets	Oskar Lindblom	Winger
2018	5	84	South Carolina Stingrays	Patrick Sharp	Winger
2018	5	85	Louisiana Voodoo	Frank Vatrano	Winger
2018	5	86	San Francisco Fighting Cocks	Christian Folin	Defense
2018	5	87	Kelowna Mountaineers	Anton Forsberg	Goaltender
2018	5	88	Lone Star Brahmas	Tristan Jarry	Goaltender
2018	5	89	San Francisco Fighting Cocks	Barclay Goodrow	Winger
2018	5	90	Seattle Storm	Marc Staal	Defense
2018	5	91	San Francisco Fighting Cocks	Tomas Nosek	Winger
2018	5	92	Staten Island Killer Bees	Ben Hutton	Defense
2018	5	93	Augusta Green Jackets	John Hayden	Center
2018	5	94	Victoria Vipers	Christian Wolanin	Defense
2018	5	95	Green Bay Glory	Brendan Gaunce	Winger
2018	5	96	Atlanta Flashers	Alex Lyon	Goaltender
2018	5	97	San Francisco Fighting Cocks	John Gilmour	Defense
2018	5	98	Cheyenne Desperado	Jordan Oesterle	Defense
2018	5	99	Milwaukee Ice Dragons	Anders Bjork	Winger
2018	5	100	Staten Island Killer Bees	Alex Stalock	Goaltender
2019	1	1	Atlanta Flashers	Elias Pettersson	Center
2019	1	2	Oakland Assassins	Rasmus Dahlin	Defense
2019	1	3	South Carolina Stingrays	Miro Heiskanen	Defense
2019	1	4	Green Bay Glory	Brady Tkachuk	Winger
2019	1	5	South Carolina Stingrays	Andreas Johnsson	Winger
2019	1	6	Mississauga North Stars	Jesperi Kotkaniemi	Center
2019	1	7	Wichita Wolfpack	Maxime Comtois	Winger
2019	1	8	Oklahoma City Oil Barons	Andrei Svechnikov	Winger
2019	1	9	Atlanta Flashers	Jordan Binnington	Goaltender
2019	1	10	Mississauga North Stars	Carter Hart	Goaltender
2019	1	11	Mississauga North Stars	Filip Hronek	Defense
2019	1	12	South Carolina Stingrays	Mackenzie Blackwood	Goaltender
2019	1	13	South Carolina Stingrays	Robert Thomas	Winger
2019	1	14	Wichita Wolfpack	Jack Campbell	Goaltender
2019	1	15	Oakland Assassins	Jordan Greenway	Winger
2019	1	16	Lone Star Brahmas	Dominik Kahun	Winger
2019	1	17	Wichita Wolfpack	Roope Hintz	Center
2019	1	18	Cincinnati Cyclones	Erik Cernak	Defense
2019	1	19	Kelowna Mountaineers	Drake Batherson	Winger
2019	1	20	Victoria Vipers	Casey Mittelstadt	Center